"Name","Pos","Team","ADP","ETR_Rank","Delta","Pos_Rank","id"
"Lamar Jackson","QB","BAL","2.0","1","1.0","QB01","e50c80ef-3cac-41c1-8695-f77a3a24223c"
"Josh Allen","QB","BUF","1.3","2","-0.7","QB02","70dc11ed-730a-4985-9641-d243ac7664d2"
"Jayden Daniels","QB","WAS","3.1","3","0.1","QB03","fac93a1f-2bef-4cb8-8ad1-fdcb87d1bb8d"
"Saquon Barkley","RB","PHI","7.5","4","3.5","RB01","cbc6cb47-6e97-44a3-986c-195d2835e37e"
"Jalen Hurts","QB","PHI","4.3","5","-0.7","QB04","105bcb5e-9d45-4bad-99b1-f0b89d45cc58"
"Bijan Robinson","RB","ATL","8.1","6","2.1","RB02","92c1123f-81ef-405e-bcec-35c56b82dc46"
"Ja'Marr Chase","WR","CIN","5.6","7","-1.4","WR01","33ee9330-5178-43c1-8999-9f2814bea70a"
"Joe Burrow","QB","CIN","5.8","8","-2.2","QB05","83a17be6-f7df-4600-a6b8-9f8e737fb614"
"Jahmyr Gibbs","RB","DET","11.2","9","2.2","RB03","7dec90b6-d409-44e9-b297-6d6d0918f607"
"Christian McCaffrey","RB","SF","15.0","10","5.0","RB04","ea917a4b-d4c9-42fe-8423-5c7d025e5a3c"
"Justin Jefferson","WR","MIN","9.7","11","-1.3","WR02","51fe5951-680f-42c5-a985-feedfd614012"
"Ashton Jeanty","RB","LV","16.8","12","4.8","RB05","da7f810a-1b2a-4f2c-b5f8-6cf99e7c19c4"
"Kyler Murray","QB","ARI","14.8","13","1.8","QB06","923a191d-1fa5-462d-9780-5079171eef3b"
"Patrick Mahomes","QB","KC","10.0","14","-4.0","QB07","38813bba-1495-4060-961f-56d41571b401"
"Derrick Henry","RB","BAL","18.8","15","3.8","RB06","b35dfe30-0cf3-43e7-a53b-968e5c742e9a"
"CeeDee Lamb","WR","DAL","12.8","16","-3.2","WR03","dfa95b21-8772-454b-b4e8-9bc0d86abf4a"
"Baker Mayfield","QB","TB","13.3","17","-3.7","QB08","26b9f823-3025-4ba5-b84c-ef728fa976ff"
"Caleb Williams","QB","CHI","20.8","18","2.8","QB09","f7dbf4ee-3867-4621-9b4f-3f9134f3c517"
"Puka Nacua","WR","LA","20.1","19","1.1","WR04","2b7321a5-c0f4-4e51-a4cc-bb6ea4702b15"
"Amon-Ra St. Brown","WR","DET","22.9","20","2.9","WR05","a98e2500-528e-49dc-b23d-d86dad92e9cb"
"Brock Purdy","QB","SF","24.0","21","3.0","QB10","028d778e-17a6-4f5a-b185-fffc64a5f5e7"
"Justin Fields","QB","NYJ","21.4","22","-0.6","QB11","9f9cc41c-ac2a-43bb-a06f-9c08a044ea79"
"Nico Collins","WR","HOU","26.0","23","3.0","WR06","8de1ef86-cb61-447d-835d-b19a355a254a"
"Bo Nix","QB","DEN","16.0","24","-8.0","QB12","2f639bbb-6fdc-4785-b723-08320977c347"
"Malik Nabers","WR","NYG","22.3","25","-2.7","WR07","60a154d6-7c9d-4651-95bb-c37f58b71939"
"Bucky Irving","RB","TB","36.1","26","10.1","RB07","72ea89b3-8f2e-4d67-85d2-50930a3da79b"
"Brian Thomas Jr.","WR","JAX","27.2","27","0.2","WR08","4a04b3a6-b061-4c49-850a-0136f6f623c9"
"Drake Maye","QB","NE","31.4","28","3.4","QB13","ee325c32-6a73-4618-99e6-8de640d988ce"
"De'Von Achane","RB","MIA","27.4","29","-1.6","RB08","897634d6-5e2c-4b90-bcc6-ca61eaf43e4c"
"Dak Prescott","QB","DAL","28.2","30","-1.8","QB14","faa8973c-c5f8-4b10-99be-2afdae93d5df"
"Jared Goff","QB","DET","27.0","31","-4.0","QB15","8ae78dc6-f2f7-4a34-97ac-75b04a39d649"
"J.J. McCarthy","QB","MIN","38.7","32","6.7","QB16","ef2a7c8b-1438-4226-94cc-58d41c9a2dcc"
"Brock Bowers","TE","LV","31.4","33","-1.6","TE01","9fbc980b-d66a-4d3d-9b0c-3b87b286528b"
"Josh Jacobs","RB","GB","41.7","34","7.7","RB09","eb6fddfa-2006-4e79-afc2-a63ae2b84d9a"
"Justin Herbert","QB","LAC","31.3","35","-3.7","QB17","afcce3a4-cf6b-40b5-9982-511409fddfba"
"Jonathan Taylor","RB","IND","35.6","36","-0.4","RB10","d1ee2c4a-a481-4eed-9df3-1fcfc4f3a73b"
"A.J. Brown","WR","PHI","38.8","37","1.8","WR09","0e99289e-eea9-4f2f-b405-3ca49e9bd5a6"
"Drake London","WR","ATL","33.6","38","-4.4","WR10","b463c0ad-4fe8-40c7-a163-0c0958c85a1d"
"C.J. Stroud","QB","HOU","37.3","39","-1.7","QB18","583185b0-13d6-444f-a748-9de7bc307412"
"Trevor Lawrence","QB","JAX","37.7","40","-2.3","QB19","3548e773-f94c-42f3-a662-4ce37081de00"
"Jordan Love","QB","GB","35.1","41","-5.9","QB20","1d44cf82-cf1f-4a24-883b-b10bdf8af6e1"
"Chase Brown","RB","CIN","45.3","42","3.3","RB11","e48d04b2-703f-4a82-af44-684ccd54bd74"
"Kyren Williams","RB","LA","48.6","43","5.6","RB12","cccbd182-f963-4f1e-a674-1bb6f9fa9b94"
"Ladd McConkey","WR","LAC","40.7","44","-3.3","WR11","5d876e0c-cb72-4f61-b39e-403261e78c40"
"James Cook","RB","BUF","57.0","45","12.0","RB13","ff01b801-a885-4524-ab9a-664b10c9112c"
"Tua Tagovailoa","QB","MIA","53.3","46","7.3","QB21","e5df88b9-0a48-4e87-a596-74fb4c390adb"
"Michael Penix Jr.","QB","ATL","42.9","47","-4.1","QB22","e1b307f5-34a8-43dd-a47b-c5296a180f7e"
"Breece Hall","RB","NYJ","50.3","48","2.3","RB14","afafe695-08f6-4c66-b329-b7d038ceaf22"
"Cam Ward","QB","TEN","56.6","49","7.6","QB23","6fdb19b3-65eb-4f4a-b35e-7e5e49e0ecb7"
"Trey McBride","TE","ARI","45.1","50","-4.9","TE02","e960f18c-c7a7-419b-84f4-7c2bb0b4086e"
"Bryce Young","QB","CAR","48.4","51","-2.6","QB24","8dc9a2cb-fa0f-476f-be8b-e015313dd500"
"Omarion Hampton","RB","LAC","61.6","52","9.6","RB15","7df06ac7-3a1d-4f2b-8913-9ffaddf72ebe"
"Tee Higgins","WR","CIN","49.5","53","-3.5","WR12","145cc52b-2f7c-4450-a9aa-89b8dea34054"
"Joe Mixon","RB","HOU","66.3","54","12.3","RB16","01fb9db9-e325-42fe-8126-523951a2f78f"
"Geno Smith","QB","LV","53.7","55","-1.3","QB25","f02c645f-c925-4204-844c-e143541db9a0"
"Kenneth Walker III","RB","SEA","70.5","56","14.5","RB17","10ac63b9-7c4d-403e-a7b6-b1d3a31b8ec0"
"Matthew Stafford","QB","LA","50.5","57","-6.5","QB26","e6eba538-7983-4123-af6c-21a90ed54436"
"Chuba Hubbard","RB","CAR","68.9","58","10.9","RB18","12f6443f-065c-41cf-b89b-047db5cbec69"
"RJ Harvey","RB","DEN","66.7","59","7.7","RB19","f1b4cf04-747b-4f9b-b13c-10be95e048a1"
"Rashee Rice","WR","KC","56.5","60","-3.5","WR13","68ff901e-9de0-4f71-a73f-49972b9c606a"
"Jaxon Smith-Njigba","WR","SEA","60.5","61","-0.5","WR14","bf42f1f9-3ded-4eff-ba6f-492c2938cca3"
"Tyreek Hill","WR","MIA","59.0","62","-3.0","WR15","a5e1e460-af62-4cde-a066-bf77a57f9dee"
"Terry McLaurin","WR","WAS","53.5","63","-9.5","WR16","7453e4db-24cd-4755-8984-1c9bc254fc1e"
"TreVeyon Henderson","RB","NE","78.8","64","14.8","RB20","c2f1a875-7f8a-464e-a860-72597d9b6683"
"Mike Evans","WR","TB","63.6","65","-1.4","WR17","886136f0-89fb-4207-9401-646c0fdd3eea"
"Davante Adams","WR","LA","63.3","66","-2.7","WR18","52479f7c-800d-461a-a604-afb4882c5fcd"
"Anthony Richardson","QB","IND","65.3","67","-1.7","QB27","fa7a2308-6da0-49ac-b717-0ed74f1a51b0"
"George Kittle","TE","SF","65.2","68","-2.8","TE03","785d7811-3fb9-48ff-bb70-a3780f1d8251"
"Marvin Harrison Jr.","WR","ARI","53.4","69","-15.6","WR19","a2353f5c-7380-4071-bcb0-a57f8a472d91"
"Garrett Wilson","WR","NYJ","48.0","70","-22.0","WR20","5a29c0c4-b7e9-43cc-a9af-dff031412748"
"David Montgomery","RB","DET","81.8","71","10.8","RB21","7b069518-31a0-4fb9-a45f-560b7c2b18f5"
"Alvin Kamara","RB","NO","73.9","72","1.9","RB22","0ca7d388-492a-48e5-b87a-8269b204fec3"
"Xavier Worthy","WR","KC","71.9","73","-1.1","WR21","750316d2-1e5c-47d0-9dfd-b25d950843d7"
"Tet McMillan","WR","CAR","72.4","74","-1.6","WR22","e166074f-f510-481c-8c1c-21add0ab370f"
"DJ Moore","WR","CHI","73.7","75","-1.3","WR23","8e1f244e-38ab-421f-aeba-5a5ea35c99e9"
"James Conner","RB","ARI","76.9","76","0.9","RB23","c6ba649f-089a-4835-badb-00407c768ae4"
"Jameson Williams","WR","DET","75.1","77","-1.9","WR24","3e6e202f-f112-43fd-bebc-18d629ec0487"
"DK Metcalf","WR","PIT","84.7","78","6.7","WR25","b50a7971-c860-4553-94dc-ac37bb6d6b41"
"Courtland Sutton","WR","DEN","80.3","79","1.3","WR26","0b62e60f-d2d3-40be-a7e6-df70e9cd184e"
"Tyler Shough","QB","NO","86.7","80","6.7","QB28","5f5db811-919f-496c-aafd-150015507430"
"Travis Hunter","WR","JAX","77.5","81","-3.5","WR27","a23636ec-a9ce-435d-a886-8391aa8179ee"
"Devonta Smith","WR","PHI","78.5","82","-3.5","WR28","7f5b44e1-3613-4fca-87e4-66af85f37efa"
"Zay Flowers","WR","BAL","86.6","83","3.6","WR29","bb3351f7-b6da-4245-80ba-4040bd6f1203"
"Quinshon Judkins","RB","CLE","87.4","84","3.4","RB24","7738542d-86f3-4586-80f6-90ea3b839209"
"George Pickens","WR","DAL","81.2","85","-3.8","WR30","6d336a91-90a6-4804-b36c-9ebb2af31feb"
"Sam Darnold","QB","SEA","61.9","86","-24.1","QB29","50efd44a-9956-4837-8915-f7c819c335a5"
"Aaron Jones","RB","MIN","96.1","87","9.1","RB25","3a717eef-fcc5-46fc-9d2c-5e40cf000e44"
"Jaylen Waddle","WR","MIA","87.2","88","-0.8","WR31","41f7b89b-5f4d-4346-9c6a-7d7390c501dd"
"Aaron Rodgers","QB","FA","103.6","89","14.6","QB30","1c4fa027-3bca-45b3-8e6e-7d17bb594098"
"Calvin Ridley","WR","TEN","87.2","90","-2.8","WR32","dfdfee73-e6a1-4b90-ac28-1be1668f3982"
"Tony Pollard","RB","TEN","92.9","91","1.9","RB26","4998bd8f-3a9e-47cf-bd4d-e875fc5e6102"
"Sam LaPorta","TE","DET","89.2","92","-2.8","TE04","078129fd-2762-4784-89da-47cab35b6dda"
"Kaleb Johnson","RB","PIT","88.9","93","-4.1","RB27","630c694d-35de-480f-a5e5-e02cba415789"
"Chris Olave","WR","NO","101.3","94","7.3","WR33","a2a9b31b-37a9-4ea1-b893-a09794d9be38"
"Jaxson Dart","QB","NYG","92.1","95","-2.9","QB31","010cf2f3-202f-497a-b5e9-18e986c981b1"
"Jordan Addison","WR","MIN","94.3","96","-1.7","WR34","02dfb521-e282-457d-86c1-ee1e9373e691"
"D'Andre Swift","RB","CHI","94.0","97","-3.0","RB28","aa06ea0d-79d5-471e-b180-c6bb844c9cbe"
"Jerry Jeudy","WR","CLE","103.7","98","5.7","WR35","5c20105f-088b-4cef-a2b5-b154d7a925e3"
"Rome Odunze","WR","CHI","98.6","99","-0.4","WR36","ee7ac35c-ed46-4557-b512-8b8ac52d30fe"
"Isiah Pacheco","RB","KC","97.3","100","-2.7","RB29","9a8af6ee-f5af-4d7e-a005-c4b39a65e261"
"Jakobi Meyers","WR","LV","106.9","101","5.9","WR37","92b165a2-a02a-4829-b204-d2ee3696d457"
"Deebo Samuel","WR","WAS","102.2","102","0.2","WR38","c65be4b6-1e57-4469-88f4-7b205c3e950f"
"Jauan Jennings","WR","SF","95.2","103","-7.8","WR39","4280298a-10f6-40f4-ab42-ecdde33908a9"
"Jaylen Warren","RB","PIT","118.1","104","14.1","RB30","11f58d55-bbba-4fe7-842e-72a8af387730"
"Chris Godwin","WR","TB","97.2","105","-7.8","WR40","22d14d0f-edf2-4919-8e0c-c749ba6befe9"
"Brian Robinson","RB","WAS","103.6","106","-2.4","RB31","51943fa5-f14a-4793-b575-21621bbac237"
"Khalil Shakir","WR","BUF","114.9","107","7.9","WR41","5f9d0c02-539b-4d5f-831a-7dede3d69ed9"
"T.J. Hockenson","TE","MIN","104.7","108","-3.3","TE05","930673a8-3123-4309-82fb-1e70e404c6a5"
"Matthew Golden","WR","GB","112.9","109","3.9","WR42","4d16a1f1-97dc-443b-b293-6c79a478f00e"
"Najee Harris","RB","LAC","121.6","110","11.6","RB32","884173e3-9131-4197-9d9c-6f8f02fd6c70"
"Jordan Mason","RB","MIN","108.4","111","-2.6","RB33","148cd769-cf76-4190-83a4-9a4eaaff337c"
"Stefon Diggs","WR","NE","116.3","112","4.3","WR43","75a9dbad-8811-41f8-9d2f-bfa62e34b91b"
"Jayden Reed","WR","GB","110.0","113","-3.0","WR44","b47bcd7d-da84-41da-b663-22ef443ad4ef"
"Darnell Mooney","WR","ATL","119.6","114","5.6","WR45","91fa023d-f193-4c75-9763-880cb2f48f2c"
"Travis Kelce","TE","KC","110.8","115","-4.2","TE06","a4846e4e-5faf-4a2f-8cf4-4d4c886f11cf"
"Tyrone Tracy Jr.","RB","NYG","116.8","116","0.8","RB34","00808e2a-6105-4764-a1c7-bf5edee34d95"
"Cam Skattebo","RB","NYG","113.4","117","-3.6","RB35","a0e5e589-353c-4514-93d6-84a326b9d38d"
"Zach Charbonnet","RB","SEA","126.6","118","8.6","RB36","1363ed2c-a50d-477d-b098-d8bfc5b7e251"
"Josh Downs","WR","IND","126.5","119","7.5","WR46","67fa011e-e592-4aec-aad2-3135c9c2ebf6"
"Brandon Aiyuk","WR","SF","119.8","120","-0.2","WR47","bcb2c8fb-9d3f-467a-9459-61556b5fa3a0"
"Jonnu Smith","TE","MIA","122.2","121","1.2","TE07","ea5722f5-0738-4fab-88a2-cf5ae1ee71b9"
"Michael Pittman","WR","IND","133.4","122","11.4","WR48","87f58355-0e40-4114-a0e2-bd65aacd3177"
"Mark Andrews","TE","BAL","122.4","123","-0.6","TE08","df0f5b9a-b571-48cc-be46-606115650835"
"Rhamondre Stevenson","RB","NE","134.9","124","10.9","RB37","029bb3a1-6561-4add-a989-8bbff333e21a"
"Travis Etienne","RB","JAX","125.7","125","0.7","RB38","15ae4774-8703-45fb-85aa-44cfc3ccf466"
"Rashid Shaheed","WR","NO","139.6","126","13.6","WR49","1699b0d6-4271-4551-a129-cb09d6888d9f"
"Bhayshul Tuten","RB","JAX","129.2","127","2.2","RB39","eb5192ac-e550-4047-99b7-d71cdc380618"
"Javonte Williams","RB","DAL","128.6","128","0.6","RB40","1c176bf5-d697-4f01-98b3-151bc9ddb397"
"Emeka Egbuka","WR","TB","136.9","129","7.9","WR50","2e3086ac-95da-4803-8b58-47fdb5547b9f"
"Evan Engram","TE","DEN","124.2","130","-5.8","TE09","250c7d44-1b4d-4f5b-b084-d9413c2136af"
"Colston Loveland","TE","CHI","140.3","131","9.3","TE10","bb431ebb-6119-40ec-9cd2-810b7794268f"
"Cooper Kupp","WR","SEA","124.4","132","-7.6","WR51","1358a6ef-e033-4119-af15-4aac332b96e3"
"David Njoku","TE","CLE","141.2","133","8.2","TE11","839b833a-0661-4ae1-9e48-e597d2cb96e4"
"Ricky Pearsall","WR","SF","109.8","134","-24.2","WR52","d9caafeb-7b88-4039-a1ac-18d7107e1004"
"Tyler Allgeier","RB","ATL","161.0","135","26.0","RB41","bd916356-49df-44a6-bbe0-560a75cff749"
"Tyler Warren","TE","IND","133.2","136","-2.8","TE12","20106bb9-c50f-4cf3-8bbe-334534129a56"
"Daniel Jones","QB","IND","114.5","137","-22.5","QB32","cdac38aa-b024-449e-bc7b-f4bfaee3e812"
"Tyjae Spears","RB","TEN","141.9","138","3.9","RB42","13cad1c1-9380-4299-8d49-db162361022d"
"Rachaad White","RB","TB","151.2","139","12.2","RB43","69a369db-4d28-427d-8e16-ee194ff4932d"
"Dallas Goedert","TE","PHI","153.5","140","13.5","TE13","edfce6d5-c2e8-405c-b0c6-811ab998177e"
"Keon Coleman","WR","BUF","138.2","141","-2.8","WR53","39755561-d616-4f63-bcbe-e6aa223438d7"
"Dalton Kincaid","TE","BUF","148.2","142","6.2","TE14","96da5079-1dcd-42bb-9ece-d2714059b4f1"
"Jaydon Blue","RB","DAL","141.6","143","-1.4","RB44","846c0675-3e80-4d28-9192-c4cc1e7d3bd4"
"Tre Harris","WR","LAC","133.3","144","-10.7","WR54","a48b4024-f5e4-4936-81b3-64b271d256ac"
"Trey Benson","RB","ARI","148.5","145","3.5","RB45","3a649273-577d-41ba-a00f-67739a63a411"
"Isaac Guerendo","RB","SF","154.6","146","8.6","RB46","09656eb6-1ee0-4c93-a952-604e73822fd0"
"Austin Ekeler","RB","WAS","163.0","147","16.0","RB47","1b716516-ff7b-4ca9-aa13-3a0852c4dfbd"
"Jake Ferguson","TE","DAL","152.4","148","4.4","TE15","210522f3-7c0e-4ef9-87a9-01122fad657b"
"Rashod Bateman","WR","BAL","147.1","149","-1.9","WR55","f1a05b8a-694d-4cd6-8a0a-2c7db22ea12e"
"Jayden Higgins","WR","HOU","132.2","150","-17.8","WR56","0fef107b-3ca2-4101-83ef-40e1d84a80c6"
"Marquise Brown","WR","KC","162.2","151","11.2","WR57","3746e125-6400-4862-9998-c11725e796f3"
"Christian Kirk","WR","HOU","157.6","152","5.6","WR58","2c93e431-f296-4b78-a7cf-7e8a683f461e"
"Tank Bigsby","RB","JAX","158.7","153","5.7","RB48","127d5b81-b6d6-45f6-857a-464b5a219cef"
"Luther Burden III","WR","CHI","146.6","154","-7.4","WR59","2c720e19-2ea8-4a55-9718-9f37a16e6777"
"Kyle Pitts","TE","ATL","161.5","155","6.5","TE16","820c257a-98b6-4e5c-90cb-d64efa97bcbe"
"Ray Davis","RB","BUF","144.8","156","-11.2","RB49","d7d0f8e0-51ae-42d7-abb8-16b65dce4db2"
"Tucker Kraft","TE","GB","143.2","157","-13.8","TE17","98f600bd-8931-4424-96ac-4c4c34127401"
"Jack Bech","WR","LV","157.2","158","-0.8","WR60","bb5e1525-937d-475e-b7ae-ff17af866e78"
"Isaiah Likely","TE","BAL","155.3","159","-3.7","TE18","f9f58eb4-6e38-4a83-b16d-9aeb98a5fd1a"
"Marvin Mims Jr.","WR","DEN","153.8","160","-6.2","WR61","207f06af-1c3b-4eaa-9d23-fbdc7724a11a"
"Romeo Doubs","WR","GB","185.6","161","24.6","WR62","4415fe44-0f5a-4590-be57-229c0de2555d"
"Quentin Johnston","WR","LAC","172.2","162","10.2","WR63","2411c12d-da67-4a78-b86b-3ca7bb203aac"
"Kyle Williams","WR","NE","147.6","163","-15.4","WR64","a49b6960-d47a-463a-a240-79234f3090c1"
"Jalen McMillan","WR","TB","180.1","164","16.1","WR65","025f8c94-9780-4012-8318-17c68c580f0f"
"Pat Freiermuth","TE","PIT","174.1","165","9.1","TE19","c3d6b36f-2351-4a49-81e6-e21647b8f034"
"Adam Thielen","WR","CAR","183.1","166","17.1","WR66","e9633dbe-6167-4911-b829-7812714a84b3"
"Will Shipley","RB","PHI","182.1","167","15.1","RB50","215851fe-595a-42ed-b9de-661ca5435cbc"
"Mike Gesicki","TE","CIN","177.0","168","9.0","TE20","42b04e48-b77d-4078-a4cb-b55fa0faba70"
"Zach Ertz","TE","WAS","171.4","169","2.4","TE21","73e70395-8a38-4fd1-b3d3-152671e9b84f"
"Rico Dowdle","RB","CAR","174.2","170","4.2","RB51","5b19ebaa-61e1-4db1-adac-8811842f2343"
"Braelon Allen","RB","NYJ","169.5","171","-1.5","RB52","970f90c0-ccae-4fa5-bab9-252ff2871a86"
"Xavier Legette","WR","CAR","167.7","172","-4.3","WR67","fca2de5e-370d-497c-9c86-e18f640ee306"
"Justice Hill","RB","BAL","184.8","173","11.8","RB53","514c2f26-9b45-448f-bb87-98a900b55d52"
"Brenton Strange","TE","JAX","166.6","174","-7.4","TE22","f0cf2227-9bd1-4f83-9a27-30073779d2ab"
"Wan'Dale Robinson","WR","NYG","181.4","175","6.4","WR68","82fd50d3-546b-4b94-ad36-4e1f6aef63d5"
"Jaylen Wright","RB","MIA","177.3","176","1.3","RB54","3c41198a-bc07-4f39-9dc5-6914806c7b9d"
"Hunter Henry","TE","NE","175.5","177","-1.5","TE23","1f93077c-814f-4c5c-9174-a9d3b9ef77cc"
"Dalton Schultz","TE","HOU","194.6","178","16.6","TE24","ed4bfa84-69a4-4fbc-b0c9-242df4727522"
"Josh Palmer","WR","BUF","173.1","179","-5.9","WR69","54fb7ee5-e6d8-4653-ac35-8ac1196c4214"
"Jerome Ford","RB","CLE","209.2","180","29.2","RB55","ca04293b-2265-4dd0-ad98-227602bb2182"
"Blake Corum","RB","LA","208.3","181","27.3","RB56","84b99b2f-2212-4974-a912-8e7b0cdf86c0"
"MarShawn Lloyd","RB","GB","197.7","182","15.7","RB57","ba4503f1-6747-4b69-b96b-6a0739f9119f"
"Cedric Tillman","WR","CLE","175.5","183","-7.5","WR70","310b484c-2178-453c-9d14-40b906e2d6b5"
"DJ Giddens","RB","IND","193.6","184","9.6","RB58","00a448ef-2d0a-4656-86cc-0e80e9cf5c5a"
"Roschon Johnson","RB","CHI","170.0","185","-15.0","RB59","0558bf98-1d47-4206-9cbc-1fa59dd17a77"
"Dylan Sampson","RB","CLE","198.7","186","12.7","RB60","c4e75763-15a8-4b2c-9773-c08138d449bd"
"Jarquez Hunter","RB","LA","191.8","187","4.8","RB61","70ddb51e-995c-4ee5-bf5e-83da1adf772a"
"Devin Neal","RB","NO","203.7","188","15.7","RB62","71faacbc-d0cb-4c3c-b61e-06fb4a209ef9"
"Cade Otton","TE","TB","188.1","189","-0.9","TE25","3df13598-2c1a-4006-8ead-0d55a27904e0"
"Demario Douglas","WR","NE","200.3","190","10.3","WR71","4cd649f0-534c-4844-ad87-55c5d0c7401b"
"Russell Wilson","QB","NYG","103.5","191","-87.5","QB33","04f0b7d8-df1f-4796-bbb0-3eb9a285e3f5"
"Dillon Gabriel","QB","CLE","233.1","192","41.1","QB34","41a8288b-d571-4597-a3dc-0fcd07513ecc"
"Mason Taylor","TE","NYJ","187.0","193","-6.0","TE26","d0b6e93e-c207-424a-b394-7a131bbe6e05"
"Keaton Mitchell","RB","BAL","236.0","194","42.0","RB63","52d37b8e-bf8d-4df3-ae6c-0f48b37f0857"
"Miles Sanders","RB","DAL","233.5","195","38.5","RB64","7715c51e-275e-4288-85ba-d2681d8267f6"
"Jaleel McLaughlin","RB","DEN","228.0","196","32.0","RB65","4cfe38fa-e20d-40cb-a7ec-e5b8c3a53794"
"Woody Marks","RB","HOU","206.6","197","9.6","RB66","da09ae6e-728a-4fdd-a12b-655532bb800d"
"Michael Wilson","WR","ARI","197.2","198","-0.8","WR72","ce888d67-1992-48a5-ba10-af50fd3c5ead"
"Jaylin Noel","WR","HOU","190.6","199","-8.4","WR73","d205789c-cb54-450c-8872-9ef9c5a085f1"
"Jordan James","RB","SF","227.0","200","27.0","RB67","a3033d1f-ba25-4642-842e-6f669f4ee6c6"
"Alec Pierce","WR","IND","184.6","201","-16.4","WR74","1f8a6db2-47db-4e30-9298-dc92191c8034"
"Kareem Hunt","RB","KC","211.4","202","9.4","RB68","e2776eb2-92a7-44b0-8922-aff7b2069868"
"Chig Okonkwo","TE","TEN","202.0","203","-1.0","TE27","7b109bba-8780-43b0-9a58-e698bcbc5f72"
"Tahj Brooks","RB","CIN","230.3","204","26.3","RB69","191392a1-f6f0-43f4-bfa4-27a4d1a48d59"
"Juwan Johnson","TE","NO","208.9","205","3.9","TE28","fd484672-0590-497d-af27-2414227f76fa"
"Noah Gray","TE","KC","225.1","206","19.1","TE29","a681506e-8770-4273-a1b7-bdc81deaaba6"
"Darius Slayton","WR","NYG","204.6","207","-2.4","WR75","c0178a88-674e-4474-b091-c5c53a9c7317"
"Elijah Arroyo","TE","SEA","224.8","208","16.8","TE30","bfa73d2b-a724-44fc-bce6-c77ba65c3d52"
"Theo Johnson","TE","NYG","214.2","209","5.2","TE31","732df69a-4dac-424a-9cac-9ad755a91e58"
"Joe Flacco","QB","CLE","163.4","210","-46.6","QB35","10e0e72b-f977-4e41-b102-447d0f664c89"
"Ja'Tavion Sanders","TE","CAR","207.3","211","-3.7","TE32","0b57b745-b09f-4241-9560-868ad3ee7987"
"Ray-Ray McCloud","WR","ATL","234.3","212","22.3","WR76","fdad6481-b2dd-493d-ab30-1b949112212c"
"Tutu Atwell","WR","LA","224.1","213","11.1","WR77","3161d335-aa1c-4707-874b-f01d093f01c4"
"Keenan Allen","WR","FA","208.3","214","-5.7","WR78","d40a8cc4-2bb5-4277-89ca-313b9e678103"
"Terrance Ferguson","TE","LA","220.0","215","5.0","TE33","b4b14c87-7133-4131-898d-3de5317256ea"
"Noah Brown","WR","WAS","238.5","216","22.5","WR79","09489e5e-6709-4356-a7be-856ff7ae623d"
"Raheem Mostert","RB","LV","235.2","217","18.2","RB70","e497bd8e-9a1d-4475-b851-60e6fdb3bc71"
"Will Dissly","TE","LAC","239.3","218","21.3","TE34","af3f236b-09ce-4cf6-86ef-03c0848bcd74"
"Tyler Higbee","TE","LA","237.5","219","18.5","TE35","27d89b74-dd3d-4c48-af2a-68ce6bffdfb0"
"Zack Moss","RB","CIN","235.0","220","15.0","RB71","ea33c4eb-8f46-4abc-8850-3776cc0cbedf"
"J.K. Dobbins","RB","FA","190.0","221","-31.0","RB72","e70364d5-9050-43b3-8ba9-2a23ec905850"
"Tyler Lockett","WR","TEN","218.8","222","-3.2","WR80","778e9f6a-fa28-42aa-b296-edd157f2dfc9"
"Ollie Gordon II","RB","MIA","237.2","223","14.2","RB73","7f8c3a9a-664e-405c-8cce-60ef7c0f110c"
"Calvin Austin III","WR","PIT","220.8","224","-3.2","WR81","9e0713fc-a99b-4603-970a-0c675d4ad775"
"Dyami Brown","WR","JAX","209.5","225","-15.5","WR82","3d6d3aa8-a0dc-42c0-b11f-ef1d8e6ebc7c"
"Emanuel Wilson","RB","GB","238.9","226","12.9","RB74","6050669f-41db-44d3-b5f2-8ac83aee5cb2"
"Trevor Etienne","RB","CAR","239.5","227","12.5","RB75","bbb3bbaf-ac48-470a-84f7-bfa4f5efe3c1"
"Isaiah Davis","RB","NYJ","239.4","228","11.4","RB76","461ac155-f1e3-4eab-bcdf-55212e6615f6"
"Harold Fannin Jr.","TE","CLE","235.8","229","6.8","TE36","2b90caca-9f4b-4871-aeb9-571ac74bf32d"
"DeAndre Hopkins","WR","BAL","196.1","230","-33.9","WR83","ec947ad3-95eb-4bf2-8081-fcc4e1a3ba43"
"Jalen Coker","WR","CAR","228.0","231","-3.0","WR84","d2244596-116e-44c6-b796-e9e323ade81a"
"Andrei Iosivas","WR","CIN","213.0","232","-19.0","WR85","fd89644a-6584-431e-88ca-644d339bbc2e"
"Samaje Perine","RB","CIN","240.0","233","7.0","RB77","22d1aece-a011-44b7-939c-2c99d6bcaa03"
"AJ Dillon","RB","PHI","239.7","234","5.7","RB78","4ef7fc29-76bb-4585-92cf-bc16b82e8505"
"Jalen Tolbert","WR","DAL","237.2","235","2.2","WR86","133c750c-64e7-4f7e-b6f0-25e4e556ef44"
"Pat Bryant","WR","DEN","192.1","236","-43.9","WR87","2f7b7693-5a58-474f-b2ee-87ff4e0c4252"
"Dont'e Thornton Jr.","WR","LV","239.3","237","2.3","WR88","f96c9c64-c48e-4f48-86ca-8dbf9a1805f7"
"Dontayvion Wicks","WR","GB","228.9","238","-9.1","WR89","63327a96-6c00-4196-a86e-54f9156de05b"
"Isaac TeSlaa","WR","DET","234.6","239","-4.4","WR90","8d4be465-2089-4b7d-a692-bffbdcce3e7d"
"Parker Washington","WR","JAX","239.8","240","-0.2","WR91","87a80f13-b65e-432b-9dc0-3d832916b9a6"
"Brandin Cooks","WR","NO","239.6","241","-1.4","WR92","4d444a51-e6ec-4503-9edf-a3b071aecd3c"
"Jordan Whittington","WR","LA","238.2","242","-3.8","WR93","996da942-db8f-4c8d-8dc2-2d66a31d0667"
"Nick Westbrook-Ikhine","WR","MIA","237.7","243","-5.3","WR94","bfd4dd05-e60c-426d-8fb8-9c9889d9e708"
"Nick Chubb","RB","FA","221.5","244","-22.5","RB79","2840e5dd-4af1-40dc-aab9-72238c7329ce"
"Mike Williams","WR","LAC","238.8","245","-6.2","WR95","34f8f0fd-4425-450a-825e-d14226db12e5"
"Elijah Mitchell","RB","KC","238.6","246","-7.4","RB80","d9a66b70-7f6e-4a1c-8b40-c3031c3f7470"
"Greg Dortch","WR","ARI","239.6","247","-7.4","WR96","d52fc632-67e1-440f-9559-2608956a9034"
"Noah Fant","TE","SEA","239.5","248","-8.5","TE37","18f2697a-6e12-4570-8171-1ac3fcfdc931"
"Kendre Miller","RB","NO","237.1","249","-11.9","RB81","4bb3980f-99b4-4116-a042-a635095beec3"
"Audric Estimé","RB","DEN","221.3","250","-28.7","RB82","aa7dbaba-e582-4cbc-85fc-8296a829d9f4"
"Kyle Monangai","RB","CHI","238.3","251","-12.7","RB83","73ddd860-4a79-42c6-bc7e-178598bab2c5"
"Jalen Nailor","WR","MIN","238.6","252","-13.4","WR97","29cc86bd-439b-42d0-b485-3cd563c6dd5c"
"Kayshon Boutte","WR","NE","238.9","253","-14.1","WR98","c00e39a1-f0ea-4450-85a6-3214805c6bd9"
"Roman Wilson","WR","PIT","233.0","254","-21.0","WR99","7b45688c-9c9b-4d67-ab54-eefaeda20353"
"Malik Washington","WR","MIA","239.4","255","-15.6","WR100","55966ff5-1e18-4389-b3e7-0ad8c4ae8e9b"
"Tre Tucker","WR","LV","239.1","256","-16.9","WR101","e03313de-6b42-48ac-9e0c-7118c69b254f"
"Devin Singletary","RB","NYG","239.8","257","-17.2","RB84","479f68ed-e9d4-4379-92bd-e255a94c2ac3"
"Adonai Mitchell","WR","IND","220.9","258","-37.1","WR102","f3d74f14-2093-4d29-8011-06ad986a0336"
"Khalil Herbert","RB","IND","239.9","259","-19.1","RB85","9c942afa-5144-49d2-831b-45f3a4ceafaa"
"Ty Johnson","RB","BUF","239.2","260","-20.8","RB86","ee7dc007-86d2-44b7-88b6-170b3589cd99"
"Dawson Knox","TE","BUF","239.9","261","-21.1","TE38","02a4a442-40d8-4676-b6f0-f5d4b84361b7"
"Mason Rudolph","QB","PIT","212.7","262","-49.3","QB36","a48bf9cd-f238-475b-b5ca-90153cf2dae5"
"Cole Kmet","TE","CHI","235.0","263","-28.0","TE39","ef6de959-1731-455c-b618-eeb6df01e8a5"
"Michael Mayer","TE","LV","239.8","264","-24.2","TE40","10815f2c-c09a-44a0-a722-4538b59d42aa"
"Devaughn Vele","WR","DEN","239.7","265","-25.3","WR103","b56a2a15-5e4a-468d-8c19-ae7a0e85849f"
"KaVontae Turpin","WR","DAL","239.7","266","-26.3","WR104","baa21005-d867-4dbd-8ceb-3a83772f1c2f"
"Curtis Samuel","WR","BUF","239.8","267","-27.2","WR105","e49f6119-edb6-4986-a99b-12655c144f79"
"Oronde Gadsden II","TE","LAC","239.6","268","-28.4","TE41","a1fc6ed7-896f-4532-9b5d-65b3e71eeae3"
"Skylar Thompson","QB","PIT","240.0","269","-29.0","QB37","4a9522cc-a4a1-43a6-9ade-4b5a09de1b0a"
"Savion Williams","WR","GB","239.6","270","-30.4","WR106","796589a5-623d-459c-b559-93405066e5db"
"Troy Franklin","WR","DEN","238.9","271","-32.1","WR107","1bf18dcf-b7e7-420c-9c49-a890b7184961"
"Josh Reynolds","WR","NYJ","239.9","272","-32.1","WR108","2f6263b6-247b-4900-946e-dfae34b88b5e"
"Kenneth Gainwell","RB","PIT","240.0","273","-33.0","RB87","eebfd3c4-2aec-4a09-93ff-2b7ee57fa346"
"Alexander Mattison","RB","MIA","240.0","274","-34.0","RB88","f7f39513-dfc5-4166-9778-89a9de7bd1ac"
"Marquez Valdes-Scantling","WR","SEA","237.9","275","-37.1","WR109","f9b35e1a-2ab6-4f19-b32f-4942dc9eba0b"
"Tyler Goodson","RB","IND","240.0","276","-36.0","RB89","83624ecd-a14a-45a4-ad58-ef731aa2bff9"
"Dameon Pierce","RB","HOU","239.8","277","-37.2","RB90","ec317128-dddf-448e-8f85-fd6814b55b92"
"Allen Lazard","WR","NYJ","238.8","278","-39.2","WR110","db16cb4c-f3b8-4b5f-8129-eb3481737938"
"Chimere Dike","WR","TEN","239.8","279","-39.2","WR111","1b655329-207c-4756-9479-d4998b891429"
"Elic Ayomanor","WR","TEN","236.1","280","-43.9","WR112","05b09a31-adf0-41e4-a048-2e352eafb39d"
"Cordarrelle Patterson","WR","PIT","240.0","281","-41.0","WR113","3c384dfc-5151-4c24-9f91-94ffa7eb525a"
"Luke McCaffrey","WR","WAS","239.9","282","-42.1","WR114","cb8fc1f1-d0cd-44a7-8033-e0edb646f1d6"
"Ben Sinnott","TE","WAS","239.2","283","-43.8","TE42","26bff84b-f508-4486-a907-261cb8eb09c9"
"Cade Stover","TE","HOU","240.0","284","-44.0","TE43","459283cf-3e4c-4550-9a1a-f88c41e15faa"
"Arian Smith","WR","NYJ","239.7","285","-45.3","WR115","d6242692-2c08-47bc-a0e2-c7e90859586a"
"Jalen Royals","WR","KC","231.5","286","-54.5","WR116","caa1834f-2955-4f4c-8d44-8113a6deb16f"
"Grant Calcaterra","TE","PHI","240.0","287","-47.0","TE44","19aab0dd-95d7-47d9-841c-230100aa4a9f"
"Kalif Raymond","WR","DET","220.0","288","-68.0","WR117","3a624a1f-f0f7-49fc-9066-b31ff6323962"
"Antonio Gibson","RB","NE","240.0","289","-49.0","RB91","52a7ce72-f49d-479d-a334-bf4cb417a8a4"
"Gus Edwards","RB","FA","240.0","290","-50.0","RB92","2521b67b-78a6-494f-85d6-88044c137074"
"Ja'Lynn Polk","WR","NE","240.0","291","-51.0","WR118","dd557c4b-1dc5-4022-a8fb-99c72f7d8f73"
"Luke Schoonmaker","TE","DAL","240.0","292","-52.0","TE45","5ec14c3a-d91a-4d30-9a45-55b7012b8a5d"
"Zay Jones","WR","ARI","239.9","293","-53.1","WR119","6d29bcd1-6489-4ef8-8bde-81219a2cef1f"
"Jaylin Lane","WR","WAS","239.6","294","-54.4","WR120","f72c9a35-2c18-4efa-8a6f-8a3dd5cb39cf"
"Van Jefferson","WR","TEN","220.0","295","-75.0","WR121","4ca380fc-98bc-4c5d-808b-2acf736ed539"
"Tyler Conklin","TE","LAC","231.6","296","-64.4","TE46","f7f8c1ee-a200-451a-a261-89ea297a5360"
"Tai Felton","WR","MIN","238.3","297","-58.7","WR122","2bf2d2c0-cea8-4e52-83b7-fbb164004c67"
"Spencer Rattler","QB","NO","217.7","298","-80.3","QB38","ae460bdd-1f03-4aab-bc00-f0b9cd10d58d"
"Gunnar Helm","TE","TEN","239.9","299","-59.1","TE47","70fede49-ffce-4130-b114-7cfc32c3acdf"
"Sincere McCormick","RB","LV","220.0","300","-80.0","RB93","dae2b559-4d66-4142-baff-cb0b0c690793"
